<?xml version="1.0" encoding="UTF-8"?>
<config xmlns="http://www.knime.org/2008/09/XMLConfig" xmlns:xsi="http://www.w3.org/2001/XMLSchema-instance" xsi:schemaLocation="http://www.knime.org/2008/09/XMLConfig http://www.knime.org/XMLConfig_2008_09.xsd" key="settings.xml">
<entry key="name" type="xstring" value="Column Filter"/>
<config key="model">
<config key="column-filter">
<entry key="filter-type" type="xstring" value="STANDARD"/>
<config key="included_names">
<entry key="array-size" type="xint" value="21"/>
<entry key="0" type="xstring" value="checking_account"/>
<entry key="1" type="xstring" value="duration"/>
<entry key="2" type="xstring" value="credit_history"/>
<entry key="3" type="xstring" value="purpose"/>
<entry key="4" type="xstring" value="credit_amount"/>
<entry key="5" type="xstring" value="savings_account/bonds"/>
<entry key="6" type="xstring" value="employment_since"/>
<entry key="7" type="xstring" value="installment_rate"/>
<entry key="8" type="xstring" value="status/sex"/>
<entry key="9" type="xstring" value="debitors/guarantors"/>
<entry key="10" type="xstring" value="residence_since"/>
<entry key="11" type="xstring" value="property"/>
<entry key="12" type="xstring" value="age"/>
<entry key="13" type="xstring" value="installment_plans"/>
<entry key="14" type="xstring" value="housing"/>
<entry key="15" type="xstring" value="no_of_existing_credits"/>
<entry key="16" type="xstring" value="job"/>
<entry key="17" type="xstring" value="maintenance_for"/>
<entry key="18" type="xstring" value="phone"/>
<entry key="19" type="xstring" value="foreign_worker"/>
<entry key="20" type="xstring" value="class"/>
</config>
<config key="excluded_names">
<entry key="array-size" type="xint" value="0"/>
</config>
<entry key="enforce_option" type="xstring" value="EnforceExclusion"/>
</config>
</config>
<entry key="hasContent" type="xboolean" value="true"/>
<entry key="isInactive" type="xboolean" value="false"/>
<config key="ports">
<config key="port_1">
<entry key="index" type="xint" value="1"/>
<entry key="port_spec_class" type="xstring" value="org.knime.core.data.DataTableSpec"/>
<entry key="port_object_class" type="xstring" value="org.knime.core.node.BufferedDataTable"/>
<entry key="port_object_summary" type="xstring" value="Rows: 500, Cols: 21"/>
<entry key="port_dir_location" type="xstring" value="port_1"/>
</config>
</config>
<config key="filestores">
<entry key="file_store_location" type="xstring" isnull="true" value=""/>
<entry key="file_store_id" type="xstring" value="d9d8f6a5-5d08-45f8-9352-ea0f1e69edfd"/>
</config>
</config>
